Stock 1,Stock 2,Sharpe Ratio,Total Return (%)
AAPL,MSFT,0.37715329557625693,31.61761075915015
AMZN,MSFT,0.16518958092263977,10.494752505951466
AAPL,META,0.036948299776558856,-3.7335412713734417
AAPL,GOOG,0.021429119944905567,-2.8526955998709025
GOOG,META,-0.051110678305905766,-11.870944014446138
GOOG,MSFT,-0.112384199088703,-11.739214117025664
AMZN,GOOG,-0.14192805317034024,-20.387641180617543
META,MSFT,-0.2157816029565516,-26.143100855575796
AMZN,META,-0.5937275686734781,-55.22096344432706
AAPL,AMZN,-0.6111789955164918,-50.84849697703516
